iter	Logloss
0	0.6917698538
1	0.6898722168
2	0.6882350203
3	0.6860835397
4	0.6849706888
5	0.6815063008
6	0.6801952574
7	0.6787437568
8	0.6776076488
9	0.6764101937
10	0.6751451384
11	0.6735304883
12	0.6714413367
13	0.6693534526
14	0.6680160065
